https://github.com/googleapis/google-cloud-go/blob/master/LICENSE,Apache License 2.0
https://github.com/ghodss/yaml/blob/master/LICENSE,MIT License
https://github.com/go-openapi/spec/blob/master/LICENSE,Apache License 2.0
https://github.com/gogo/protobuf/blob/master/LICENSE,BSD 3-Clause "New" or "Revised" License
https://github.com/opencontainers/go-digest/blob/master/LICENSE,Apache License 2.0
https://github.com/pmezard/go-difflib/blob/master/LICENSE,BSD 2-Clause "New" or "Revised" License
https://github.com/golang/crypto/blob/master/LICENSE,BSD 3-Clause "New" or "Revised" License
https://github.com/golang/net/blob/master/LICENSE,BSD 3-Clause "New" or "Revised" License
https://github.com/golang/sys/blob/master/LICENSE,BSD 3-Clause "New" or "Revised" License
https://github.com/golang/text/blob/master/LICENSE,BSD 3-Clause "New" or "Revised" License
https://github.com/golang/time/blob/master/LICENSE,BSD 3-Clause "New" or "Revised" License
https://github.com/golang/tools/blob/master/LICENSE,BSD 3-Clause "New" or "Revised" License
https://github.com/go-inf/inf/blob/master/LICENSE,BSD 3-Clause "New" or "Revised" License
https://github.com/go-yaml/yaml/blob/v2/LICENSE,Apache License 2.0
